timestamp,user_id,action,amount,status,ip_address,device
2026-01-01 22:05:06,1002.0,TRANSFER,,FAILED,UNKNOWN,Web
2026-01-02 04:40:06,1067.0,TRANSFER,855413,FAILED,UNKNOWN,Web
2026-01-01 18:26:39,1089.0,LOGIN,,FAILED,192.168.1.19,Android
2026-01-01 17:11:16,1035.0,TRANSFER,111364,SUCCESS,UNKNOWN,iOS
2026-01-02 05:59:15,1100.0,LOGIN,,SUCCESS,,Android
2026-01-01 09:26:35,1018.0,LOGIN,,SUCCESS,192.168.1.26,iOS
2026-01-01 10:49:54,1065.0,LOGIN,,FAILED,,Web
2026-01-01 12:37:53,1000.0,TRANSFER,-62605,SUCCESS,,iOS
2026/01/01 16:06:50,1071.0,LOGIN,,FAILED,UNKNOWN,Android
2026-01-01 13:38:53,1068.0,LOGIN,,FAILED,,iOS
2026-01-01 08:43:22,1063.0,TRANSFER,710740,FAILED,192.168.1.227,Android
2026-01-01 17:19:40,,TRANSFER,,FAILED,192.168.1.193,iOS
2026-01-01 11:13:33,1033.0,LOGIN,,FAILED,,Web
2026-01-02 09:50:21,1064.0,TRANSFER,,FAILED,192.168.1.205,Web
2026-01-01 13:14:48,1078.0,TRANSFER,851570,SUCCESS,,Android
2026-01-01 15:04:58,1028.0,LOGIN,,SUCCESS,,iOS
2026-01-01 10:19:25,1040.0,LOGIN,,FAILED,,iOS
2026-01-01 22:42:20,1045.0,LOGIN,,SUCCESS,UNKNOWN,Web
2026-01-02 04:24:48,1076.0,LOGIN,,FAILED,UNKNOWN,iOS
2026/01/01 21:44:16,1013.0,LOGIN,,SUCCESS,,Web
2026-01-02 09:45:28,1013.0,TRANSFER,,FAILED,192.168.1.137,Web
2026-01-01 12:18:27,1066.0,LOGIN,,FAILED,192.168.1.96,Web
2026-01-01 14:02:11,1073.0,TRANSFER,abc,SUCCESS,192.168.1.252,Android
2026-01-02 06:55:13,1001.0,LOGIN,,FAILED,192.168.1.226,Android
2026-01-01 17:23:27,1093.0,TRANSFER,694710,FAILED,UNKNOWN,Android
2026-01-02 10:40:16,1072.0,TRANSFER,,FAILED,,Android
2026-01-01 21:02:19,1025.0,TRANSFER,295049,SUCCESS,,iOS
2026-01-02 09:30:05,1075.0,TRANSFER,,FAILED,192.168.1.96,Android
2026/01/02 08:57:05,1070.0,LOGIN,,FAILED,,Web
2026-01-01 22:32:07,1087.0,LOGIN,,SUCCESS,192.168.1.66,iOS
2026-01-01 17:04:55,1066.0,TRANSFER,,FAILED,UNKNOWN,Android
2026-01-02 04:24:03,1085.0,LOGIN,,FAILED,192.168.1.103,Android
2026-01-02 11:31:04,1098.0,LOGIN,,SUCCESS,192.168.1.204,Web
2026-01-01 08:58:57,1012.0,LOGIN,,SUCCESS,192.168.1.196,iOS
2026-01-01 11:57:32,1066.0,TRANSFER,,FAILED,192.168.1.24,iOS
2026-01-02 04:31:01,1100.0,TRANSFER,,SUCCESS,192.168.1.234,iOS
2026-01-02 03:24:04,1079.0,TRANSFER,18187,SUCCESS,UNKNOWN,iOS
2026-01-01 23:48:50,1067.0,TRANSFER,,FAILED,UNKNOWN,iOS
2026-01-01 19:06:53,1007.0,TRANSFER,,FAILED,192.168.1.72,iOS
2026-01-02 10:02:53,1016.0,TRANSFER,,SUCCESS,,Web
2026-01-02 10:13:58,1019.0,TRANSFER,417119,SUCCESS,,Web
2026-01-01 23:32:15,1085.0,TRANSFER,292592,FAILED,192.168.1.67,iOS
2026-01-01 22:11:11,,TRANSFER,119719,FAILED,,Android
2026-01-02 04:26:20,1080.0,TRANSFER,,SUCCESS,,Web
2026-01-01 22:04:27,1004.0,LOGIN,,FAILED,,Web
2026-01-02 05:16:19,1001.0,LOGIN,,SUCCESS,192.168.1.215,Web
2026/01/02 07:12:56,1094.0,LOGIN,,SUCCESS,UNKNOWN,Android
2026-01-02 10:16:44,1017.0,TRANSFER,496670,SUCCESS,,Web
2026-01-01 22:55:13,1042.0,TRANSFER,,SUCCESS,,iOS
2026-01-01 23:00:31,1076.0,LOGIN,,SUCCESS,UNKNOWN,iOS
2026-01-01 13:54:13,1081.0,LOGIN,,SUCCESS,192.168.1.241,Android
2026-01-01 14:16:30,1056.0,TRANSFER,741868,FAILED,,Android
2026-01-01 08:40:57,1048.0,LOGIN,,FAILED,,Android
2026-01-02 10:09:01,1065.0,TRANSFER,928057,SUCCESS,UNKNOWN,Android
2026-01-02 07:45:03,1060.0,TRANSFER,,FAILED,,Web
2026-01-01 15:22:38,1020.0,TRANSFER,599681,SUCCESS,,Android
2026-01-02 09:09:05,1043.0,LOGIN,,FAILED,192.168.1.170,Android
2026-01-02 01:08:16,1094.0,TRANSFER,-47683,SUCCESS,,iOS
2026-01-01 19:01:33,1018.0,LOGIN,,FAILED,192.168.1.3,Web
2026-01-01 12:27:38,1025.0,TRANSFER,,SUCCESS,UNKNOWN,iOS
2026-01-01 15:17:23,1086.0,LOGIN,,FAILED,UNKNOWN,iOS
2026-01-01 16:00:37,1099.0,TRANSFER,,FAILED,192.168.1.229,Web
2026/01/01 08:12:51,1079.0,TRANSFER,,FAILED,192.168.1.111,Android
2026-01-02 07:38:08,1032.0,LOGIN,,SUCCESS,192.168.1.167,Web
2026-01-01 11:25:45,1063.0,TRANSFER,,FAILED,,Android
2026/01/01 13:29:09,1013.0,LOGIN,,SUCCESS,,Android
2026-01-02 06:44:28,1055.0,TRANSFER,,SUCCESS,192.168.1.91,iOS
2026-01-02 01:40:19,1069.0,LOGIN,,SUCCESS,,Android
2026-01-02 10:48:44,1001.0,LOGIN,,SUCCESS,,Android
2026-01-02 10:44:48,1068.0,TRANSFER,440278,FAILED,,Android
2026-01-01 21:57:42,1034.0,LOGIN,,SUCCESS,192.168.1.47,Web
2026-01-01 19:58:12,1036.0,TRANSFER,769649,SUCCESS,,iOS
2026-01-02 03:36:07,1062.0,TRANSFER,,SUCCESS,,Web
2026/01/01 14:45:46,1079.0,LOGIN,,FAILED,UNKNOWN,Android
2026-01-02 11:42:50,1003.0,LOGIN,,FAILED,192.168.1.180,Android
2026-01-01 22:29:56,1009.0,LOGIN,,SUCCESS,192.168.1.91,Android
2026-01-02 06:58:55,1037.0,TRANSFER,672771,FAILED,UNKNOWN,Web
2026-01-02 10:52:46,1000.0,LOGIN,,FAILED,192.168.1.14,Web
2026-01-01 21:28:02,1004.0,LOGIN,,SUCCESS,192.168.1.252,Web
2026-01-02 04:40:42,1069.0,LOGIN,,FAILED,UNKNOWN,Web
2026/01/01 19:00:34,1044.0,TRANSFER,366999,FAILED,192.168.1.104,Web
2026-01-01 10:03:15,1074.0,LOGIN,,SUCCESS,192.168.1.244,Web
2026-01-02 00:13:58,1076.0,LOGIN,,FAILED,192.168.1.21,Web
2026-01-02 06:03:25,1015.0,TRANSFER,,FAILED,,Web
2026-01-01 22:27:44,1041.0,LOGIN,,SUCCESS,192.168.1.158,iOS
2026-01-01 15:33:53,1074.0,LOGIN,,SUCCESS,,Web
2026-01-02 05:01:02,1068.0,TRANSFER,134398,SUCCESS,192.168.1.100,Android
2026-01-01 18:26:43,1069.0,LOGIN,,SUCCESS,UNKNOWN,Android
2026-01-01 20:19:41,1043.0,TRANSFER,,SUCCESS,,iOS
2026-01-01 14:15:53,1100.0,LOGIN,,FAILED,UNKNOWN,iOS
2026-01-02 04:34:10,1063.0,TRANSFER,814058,SUCCESS,UNKNOWN,iOS
2026-01-02 00:21:42,1061.0,TRANSFER,284080,FAILED,192.168.1.185,iOS
2026/01/02 06:15:57,1036.0,LOGIN,,SUCCESS,UNKNOWN,Web
2026-01-01 21:05:52,,TRANSFER,955467,SUCCESS,UNKNOWN,iOS
2026-01-02 09:15:53,1042.0,LOGIN,,FAILED,UNKNOWN,Android
2026-01-02 11:01:07,1058.0,TRANSFER,,SUCCESS,192.168.1.175,Web
2026-01-02 11:15:02,1014.0,TRANSFER,,FAILED,UNKNOWN,Android
2026-01-01 16:49:57,1052.0,TRANSFER,200145,FAILED,UNKNOWN,Android
2026-01-01 14:01:31,1070.0,LOGIN,,FAILED,UNKNOWN,iOS
2026-01-01 16:09:08,1031.0,LOGIN,,SUCCESS,UNKNOWN,iOS
2026-01-01 20:00:49,1012.0,LOGIN,,SUCCESS,192.168.1.171,iOS
2026-01-02 01:28:41,1080.0,LOGIN,,SUCCESS,192.168.1.4,Android
2026-01-02 10:52:53,1082.0,TRANSFER,587116,SUCCESS,192.168.1.64,Web
2026-01-02 06:22:46,1001.0,TRANSFER,,FAILED,192.168.1.55,iOS
2026-01-01 14:42:02,1075.0,LOGIN,,SUCCESS,,Web
2026-01-01 18:15:19,1076.0,LOGIN,,FAILED,192.168.1.8,Android
2026/01/02 05:15:39,1078.0,TRANSFER,,FAILED,,Android
2026-01-02 08:03:56,1011.0,LOGIN,,SUCCESS,UNKNOWN,Android
2026-01-01 19:28:39,1015.0,TRANSFER,91361,FAILED,192.168.1.157,Android
2026-01-01 16:07:16,1057.0,TRANSFER,-26929,FAILED,192.168.1.127,Web
2026-01-02 04:11:17,1071.0,LOGIN,,SUCCESS,192.168.1.131,iOS
2026-01-02 06:01:14,1069.0,TRANSFER,126894,FAILED,192.168.1.186,Android
2026-01-02 02:14:44,1077.0,LOGIN,,SUCCESS,UNKNOWN,Android
2026-01-01 22:57:22,1032.0,TRANSFER,,FAILED,192.168.1.134,Web
2026-01-02 04:38:29,1036.0,LOGIN,,SUCCESS,192.168.1.70,Android
2026-01-02 09:28:48,1073.0,TRANSFER,,SUCCESS,UNKNOWN,Web
2026-01-02 02:09:46,1089.0,TRANSFER,,SUCCESS,UNKNOWN,Android
2026-01-02 09:12:42,1081.0,LOGIN,,SUCCESS,,iOS
2026-01-01 22:04:25,,LOGIN,,SUCCESS,192.168.1.91,Web
2026-01-02 00:56:30,1018.0,TRANSFER,94634,SUCCESS,UNKNOWN,Web
2026-01-01 20:38:03,1093.0,LOGIN,,SUCCESS,UNKNOWN,Android
2026-01-01 13:07:08,1012.0,LOGIN,,FAILED,UNKNOWN,Android
2026-01-02 02:46:37,1034.0,LOGIN,,SUCCESS,192.168.1.30,iOS
2026-01-01 11:55:39,1036.0,TRANSFER,299451,FAILED,,Web
2026-01-01 23:19:23,1043.0,TRANSFER,233063,SUCCESS,UNKNOWN,Web
2026-01-02 01:05:57,1052.0,TRANSFER,,SUCCESS,,Web
2026-01-01 16:21:24,1018.0,TRANSFER,288987,SUCCESS,192.168.1.234,iOS
2026-01-01 16:47:19,1035.0,TRANSFER,387593,FAILED,192.168.1.182,Android
2026-01-01 09:18:00,1053.0,LOGIN,,SUCCESS,192.168.1.96,Android
2026-01-02 10:32:17,,TRANSFER,abc,SUCCESS,192.168.1.230,Android
2026-01-02 06:54:37,1004.0,TRANSFER,,FAILED,UNKNOWN,Web
2026-01-02 08:08:54,1034.0,TRANSFER,982580,FAILED,UNKNOWN,Web
2026-01-01 19:02:42,,TRANSFER,164451,SUCCESS,UNKNOWN,iOS
2026-01-02 05:13:47,,LOGIN,,SUCCESS,,Android
2026/01/02 05:02:47,1016.0,LOGIN,,SUCCESS,192.168.1.98,iOS
2026-01-02 11:10:54,1059.0,LOGIN,,FAILED,,Android
2026-01-01 22:09:20,1059.0,LOGIN,,FAILED,,Android
2026/01/02 03:24:53,1058.0,TRANSFER,,FAILED,,Web
2026-01-02 03:25:59,1064.0,TRANSFER,498416,FAILED,,iOS
2026-01-01 18:08:19,1023.0,TRANSFER,,FAILED,,Android
2026-01-02 11:17:01,1045.0,TRANSFER,,SUCCESS,192.168.1.199,iOS
2026-01-02 11:26:37,1034.0,TRANSFER,,FAILED,UNKNOWN,iOS
2026/01/02 06:41:44,1073.0,TRANSFER,166503,FAILED,192.168.1.219,Android
2026-01-02 07:48:53,1064.0,LOGIN,,SUCCESS,UNKNOWN,Web
2026-01-02 01:46:28,1089.0,LOGIN,,SUCCESS,192.168.1.107,iOS
2026/01/01 12:49:53,1092.0,TRANSFER,401369,SUCCESS,192.168.1.125,Android
2026-01-01 18:44:57,1095.0,LOGIN,,FAILED,192.168.1.236,Android
2026-01-01 21:07:52,1039.0,LOGIN,,FAILED,,iOS
2026-01-02 11:22:22,1064.0,TRANSFER,845040,FAILED,,Android
2026-01-01 13:28:38,1005.0,LOGIN,,FAILED,UNKNOWN,Android
2026-01-02 09:15:39,1098.0,TRANSFER,,FAILED,,Android
2026-01-01 10:56:52,1009.0,TRANSFER,,SUCCESS,192.168.1.121,Android
2026-01-01 20:11:27,1039.0,LOGIN,,SUCCESS,192.168.1.5,Android
2026-01-01 09:24:32,1082.0,TRANSFER,816029,FAILED,UNKNOWN,Web
2026-01-02 11:07:26,1055.0,TRANSFER,305840,FAILED,,Android
2026-01-01 11:26:38,1048.0,LOGIN,,SUCCESS,UNKNOWN,Web
2026-01-01 18:53:58,1046.0,TRANSFER,,FAILED,UNKNOWN,iOS
2026/01/01 12:11:14,1085.0,TRANSFER,150779,FAILED,UNKNOWN,iOS
2026-01-01 14:57:36,1063.0,LOGIN,,SUCCESS,192.168.1.215,Android
2026-01-02 10:30:04,1033.0,TRANSFER,,FAILED,UNKNOWN,Web
2026-01-01 16:24:27,1003.0,LOGIN,,FAILED,,iOS
2026-01-01 08:36:14,1093.0,LOGIN,,SUCCESS,UNKNOWN,Android
2026/01/01 21:42:28,1004.0,LOGIN,,SUCCESS,,Android
2026-01-02 02:03:53,1073.0,LOGIN,,FAILED,,Android
2026-01-02 05:47:04,1028.0,TRANSFER,755859,FAILED,UNKNOWN,Android
2026/01/02 10:08:08,1075.0,LOGIN,,SUCCESS,192.168.1.194,iOS
2026-01-01 16:18:18,1041.0,LOGIN,,FAILED,192.168.1.151,iOS
2026-01-01 21:57:32,1067.0,LOGIN,,SUCCESS,UNKNOWN,Android
2026-01-01 14:40:19,1045.0,LOGIN,,SUCCESS,UNKNOWN,iOS
2026/01/02 01:36:56,1022.0,LOGIN,,FAILED,192.168.1.15,Android
2026-01-01 19:37:24,1016.0,LOGIN,,FAILED,,iOS
2026-01-01 21:40:35,1090.0,TRANSFER,-55831,SUCCESS,UNKNOWN,Web
2026-01-02 04:34:05,1081.0,LOGIN,,FAILED,,Android
2026-01-01 11:50:14,1048.0,LOGIN,,FAILED,,Web
2026-01-02 07:43:24,1038.0,TRANSFER,794582,SUCCESS,192.168.1.222,iOS
2026-01-02 05:33:49,1041.0,TRANSFER,253557,FAILED,UNKNOWN,iOS
2026-01-02 01:23:34,1074.0,LOGIN,,SUCCESS,,Web
2026/01/01 15:03:44,,LOGIN,,SUCCESS,192.168.1.152,Web
2026-01-01 09:26:04,1100.0,TRANSFER,,SUCCESS,UNKNOWN,Android
2026-01-01 20:32:39,1052.0,TRANSFER,367776,FAILED,192.168.1.100,iOS
2026-01-01 21:10:17,1026.0,TRANSFER,395356,FAILED,UNKNOWN,Web
2026-01-02 11:26:14,1092.0,LOGIN,,FAILED,192.168.1.100,iOS
2026-01-02 07:12:11,1021.0,LOGIN,,SUCCESS,192.168.1.175,Android
2026-01-02 05:00:28,1078.0,TRANSFER,,SUCCESS,,iOS
2026-01-02 09:43:39,1008.0,TRANSFER,,SUCCESS,UNKNOWN,Android
2026-01-01 21:20:03,1032.0,TRANSFER,,SUCCESS,,Web
2026-01-01 15:52:44,1001.0,LOGIN,,FAILED,192.168.1.47,Web
2026-01-01 20:18:30,1081.0,LOGIN,,FAILED,,Android
2026-01-01 13:48:05,1094.0,TRANSFER,,FAILED,192.168.1.195,Android
2026/01/01 16:25:56,1067.0,TRANSFER,477999,SUCCESS,192.168.1.97,iOS
2026-01-01 15:19:41,1080.0,LOGIN,,SUCCESS,,Android
2026-01-02 05:18:51,1046.0,LOGIN,,FAILED,192.168.1.165,Android
2026-01-01 09:04:14,1013.0,TRANSFER,,FAILED,,iOS
2026-01-01 16:54:55,1045.0,LOGIN,,FAILED,192.168.1.95,Android
2026-01-01 22:51:15,1008.0,LOGIN,,FAILED,UNKNOWN,iOS
2026-01-02 03:06:46,1054.0,TRANSFER,,FAILED,UNKNOWN,iOS
2026-01-02 11:31:45,,LOGIN,,SUCCESS,,Web
2026-01-01 09:15:45,1028.0,TRANSFER,,SUCCESS,,iOS
2026-01-02 05:45:48,1079.0,LOGIN,,SUCCESS,192.168.1.84,Android
2026-01-02 06:38:27,1027.0,TRANSFER,,FAILED,192.168.1.87,Web
2026-01-01 10:51:36,1077.0,TRANSFER,187657,SUCCESS,192.168.1.117,iOS
2026-01-02 05:08:11,1038.0,TRANSFER,-41166,FAILED,192.168.1.59,Web
2026-01-01 11:30:15,1042.0,LOGIN,,FAILED,192.168.1.197,Web
2026-01-02 08:34:03,1086.0,TRANSFER,631173,FAILED,,Web
2026-01-01 18:17:22,1091.0,TRANSFER,,SUCCESS,,Android
2026-01-01 21:32:57,1069.0,LOGIN,,SUCCESS,UNKNOWN,Web
2026/01/01 23:14:22,1100.0,TRANSFER,,SUCCESS,UNKNOWN,Web
2026-01-01 17:05:19,1087.0,LOGIN,,SUCCESS,UNKNOWN,iOS
2026-01-02 08:49:36,1020.0,TRANSFER,541161,SUCCESS,UNKNOWN,iOS
2026-01-01 22:29:40,1088.0,TRANSFER,,FAILED,192.168.1.98,Web
2026-01-01 09:20:37,1086.0,TRANSFER,353613,FAILED,,iOS
2026-01-01 10:50:43,1100.0,LOGIN,,FAILED,UNKNOWN,Web
2026-01-02 05:28:27,1069.0,TRANSFER,443380,FAILED,UNKNOWN,Web
2026-01-02 04:06:19,1086.0,LOGIN,,SUCCESS,192.168.1.163,Android
2026-01-01 09:51:03,1062.0,TRANSFER,,FAILED,,iOS
2026-01-01 19:08:43,1014.0,LOGIN,,FAILED,192.168.1.162,iOS
2026-01-02 02:06:34,1069.0,LOGIN,,SUCCESS,,Web
2026-01-02 02:49:18,1070.0,LOGIN,,SUCCESS,192.168.1.74,Web
2026-01-01 16:20:01,1047.0,TRANSFER,672366,FAILED,UNKNOWN,iOS
2026-01-01 18:25:40,1086.0,LOGIN,,FAILED,UNKNOWN,Web
2026-01-01 11:59:01,1081.0,TRANSFER,,SUCCESS,,Web
2026-01-02 07:29:14,1004.0,LOGIN,,SUCCESS,UNKNOWN,Web
2026-01-02 08:20:42,1087.0,LOGIN,,SUCCESS,192.168.1.55,iOS
2026-01-02 01:56:28,1060.0,TRANSFER,820571,SUCCESS,192.168.1.229,Web
2026-01-01 11:58:33,1072.0,LOGIN,,FAILED,,Android
2026-01-02 06:46:02,1022.0,TRANSFER,863964,FAILED,,Android
2026-01-01 11:04:43,1045.0,LOGIN,,FAILED,UNKNOWN,Android
2026-01-01 16:03:01,1059.0,LOGIN,,FAILED,UNKNOWN,iOS
2026/01/01 21:48:41,1013.0,LOGIN,,SUCCESS,UNKNOWN,iOS
2026-01-01 12:25:39,1000.0,LOGIN,,SUCCESS,192.168.1.177,Android
2026/01/01 14:15:15,1090.0,LOGIN,,SUCCESS,192.168.1.128,iOS
2026-01-02 06:13:04,1074.0,TRANSFER,,FAILED,,Web
2026-01-01 23:20:02,1018.0,TRANSFER,,FAILED,192.168.1.99,Web
2026-01-01 22:19:49,1013.0,LOGIN,,SUCCESS,,Web
2026-01-02 10:58:19,1082.0,TRANSFER,570740,FAILED,,Web
2026-01-02 10:44:34,1036.0,LOGIN,,SUCCESS,192.168.1.144,Android
2026-01-01 16:05:00,1089.0,TRANSFER,,FAILED,,iOS
2026/01/01 20:28:41,1030.0,LOGIN,,SUCCESS,192.168.1.186,Android
2026-01-02 00:24:41,1007.0,LOGIN,,FAILED,UNKNOWN,Web
2026-01-02 05:16:25,,LOGIN,,SUCCESS,192.168.1.77,Web
2026-01-01 13:20:12,1073.0,LOGIN,,SUCCESS,,iOS
2026-01-02 02:38:12,1001.0,TRANSFER,,FAILED,192.168.1.164,Web
2026-01-02 00:16:01,1080.0,TRANSFER,abc,FAILED,UNKNOWN,iOS
2026-01-02 00:10:45,1000.0,LOGIN,,FAILED,UNKNOWN,iOS
2026-01-01 12:28:23,1046.0,LOGIN,,SUCCESS,,Android
2026-01-02 05:12:40,1007.0,TRANSFER,,SUCCESS,,iOS
2026-01-01 11:03:48,1001.0,TRANSFER,,SUCCESS,192.168.1.28,iOS
2026-01-02 09:50:28,1019.0,TRANSFER,613004,FAILED,192.168.1.29,Web
2026-01-01 11:40:50,1078.0,TRANSFER,738153,FAILED,UNKNOWN,Android
2026-01-01 12:46:47,1011.0,LOGIN,,FAILED,192.168.1.18,Web
2026/01/01 23:48:01,1030.0,TRANSFER,,SUCCESS,UNKNOWN,Web
2026-01-02 05:38:39,1042.0,LOGIN,,SUCCESS,UNKNOWN,Android
2026-01-01 21:00:08,1010.0,LOGIN,,SUCCESS,192.168.1.167,iOS
2026-01-02 07:36:34,1097.0,TRANSFER,553177,SUCCESS,UNKNOWN,Web
2026-01-01 22:45:58,1068.0,TRANSFER,572934,FAILED,192.168.1.118,Web
2026-01-02 00:02:24,1086.0,TRANSFER,296479,SUCCESS,,Android
2026-01-02 03:28:30,1060.0,LOGIN,,SUCCESS,192.168.1.42,Android
2026-01-01 17:31:44,1009.0,LOGIN,,SUCCESS,192.168.1.185,iOS
2026-01-01 12:36:31,1069.0,LOGIN,,SUCCESS,192.168.1.94,Web
2026-01-01 12:51:03,1029.0,LOGIN,,FAILED,192.168.1.193,iOS
2026-01-02 07:13:41,1046.0,TRANSFER,,SUCCESS,UNKNOWN,Android
2026-01-02 08:45:44,1009.0,TRANSFER,323383,SUCCESS,UNKNOWN,Android
2026/01/02 07:16:00,1061.0,TRANSFER,364901,FAILED,192.168.1.88,iOS
2026-01-01 11:29:21,1065.0,TRANSFER,,FAILED,192.168.1.160,iOS
2026/01/02 10:52:47,1003.0,TRANSFER,419451,SUCCESS,UNKNOWN,iOS
2026-01-02 06:34:53,1008.0,LOGIN,,FAILED,UNKNOWN,iOS
2026-01-02 11:03:33,1018.0,LOGIN,,FAILED,192.168.1.3,iOS
2026-01-01 09:48:52,1058.0,LOGIN,,SUCCESS,192.168.1.218,Android
2026-01-02 08:07:49,1023.0,TRANSFER,986686,SUCCESS,192.168.1.246,Web
2026-01-01 13:58:06,,TRANSFER,,FAILED,UNKNOWN,iOS
2026/01/02 06:36:15,1088.0,LOGIN,,SUCCESS,UNKNOWN,iOS
2026-01-02 00:47:24,1045.0,LOGIN,,SUCCESS,UNKNOWN,Web
2026-01-01 20:32:53,1058.0,TRANSFER,767001,FAILED,192.168.1.224,Web
2026/01/01 22:10:13,1003.0,TRANSFER,,FAILED,192.168.1.108,Android
2026-01-01 15:26:38,1044.0,LOGIN,,FAILED,,Web
2026-01-02 01:11:23,1046.0,TRANSFER,,SUCCESS,,Web
2026/01/01 17:37:32,1011.0,LOGIN,,SUCCESS,192.168.1.246,iOS
2026-01-01 18:56:51,1061.0,TRANSFER,545751,FAILED,UNKNOWN,Web
2026-01-01 12:29:40,1057.0,TRANSFER,,FAILED,UNKNOWN,Web
2026/01/02 01:34:47,1067.0,LOGIN,,SUCCESS,UNKNOWN,Android
2026-01-01 12:02:02,1052.0,LOGIN,,SUCCESS,192.168.1.29,Android
2026-01-02 01:59:37,1002.0,LOGIN,,SUCCESS,,iOS
2026-01-01 12:10:32,1094.0,LOGIN,,SUCCESS,192.168.1.90,Android
2026-01-02 10:37:30,1001.0,LOGIN,,SUCCESS,UNKNOWN,Android
2026-01-02 08:36:05,1043.0,LOGIN,,SUCCESS,192.168.1.81,Android
2026-01-02 07:46:54,1020.0,TRANSFER,,FAILED,,Android
2026-01-01 10:54:15,1078.0,LOGIN,,SUCCESS,,iOS
2026-01-02 07:03:13,1041.0,TRANSFER,282694,SUCCESS,UNKNOWN,Web
2026/01/02 04:57:55,1079.0,LOGIN,,FAILED,UNKNOWN,Web
2026-01-02 01:17:39,1031.0,TRANSFER,,SUCCESS,,Android
2026-01-02 02:33:40,1077.0,TRANSFER,645602,SUCCESS,UNKNOWN,iOS
2026/01/02 09:35:05,1081.0,LOGIN,,FAILED,192.168.1.172,Android
2026-01-01 12:43:31,1074.0,LOGIN,,FAILED,192.168.1.198,Android
2026-01-02 01:07:29,1049.0,TRANSFER,,SUCCESS,,Web
2026-01-02 04:09:39,1011.0,LOGIN,,FAILED,UNKNOWN,Web
2026/01/02 04:38:07,1023.0,TRANSFER,,SUCCESS,,iOS
2026-01-01 23:26:40,1076.0,LOGIN,,SUCCESS,192.168.1.69,Web
2026-01-01 17:35:13,1096.0,LOGIN,,FAILED,,Web
2026-01-01 15:35:26,1039.0,TRANSFER,,SUCCESS,192.168.1.27,Android
2026-01-02 02:31:45,1015.0,TRANSFER,743285,SUCCESS,192.168.1.72,Web
2026/01/02 05:40:30,1045.0,LOGIN,,FAILED,192.168.1.93,Web
2026-01-02 06:31:31,1036.0,LOGIN,,FAILED,UNKNOWN,iOS
2026-01-02 07:11:45,1002.0,TRANSFER,-29345,SUCCESS,,Web
2026-01-01 20:08:52,1042.0,LOGIN,,FAILED,UNKNOWN,Web
2026-01-02 01:40:07,1031.0,TRANSFER,,FAILED,UNKNOWN,iOS
2026-01-01 22:41:43,1062.0,TRANSFER,115074,FAILED,,Android
2026/01/01 08:31:14,1093.0,LOGIN,,SUCCESS,,iOS
2026-01-01 23:58:57,1077.0,LOGIN,,SUCCESS,,Web
2026-01-01 20:08:51,1045.0,LOGIN,,FAILED,192.168.1.33,Web
2026-01-02 04:30:20,1032.0,LOGIN,,FAILED,192.168.1.61,iOS
2026-01-01 18:12:27,1028.0,LOGIN,,FAILED,192.168.1.136,Android
2026-01-01 22:19:54,1092.0,TRANSFER,,FAILED,,Android
2026-01-02 08:23:01,1058.0,TRANSFER,585396,SUCCESS,,Android
2026-01-01 15:39:20,1017.0,TRANSFER,945849,SUCCESS,UNKNOWN,Android
2026-01-01 14:18:52,1051.0,LOGIN,,SUCCESS,192.168.1.50,iOS
2026/01/01 23:27:04,1073.0,TRANSFER,581418,SUCCESS,,Android
2026-01-02 06:47:18,1064.0,TRANSFER,310567,FAILED,UNKNOWN,Web
2026/01/02 09:44:51,1007.0,TRANSFER,864329,SUCCESS,192.168.1.39,Web
2026-01-01 09:54:11,1094.0,TRANSFER,126885,FAILED,UNKNOWN,Android
2026-01-01 19:07:19,1005.0,TRANSFER,,SUCCESS,,iOS
2026-01-01 10:10:22,1037.0,LOGIN,,FAILED,UNKNOWN,Android
2026-01-01 14:00:26,1000.0,TRANSFER,,SUCCESS,192.168.1.89,Android
2026-01-01 23:41:04,1039.0,TRANSFER,,SUCCESS,,iOS
2026-01-01 19:28:02,1063.0,LOGIN,,SUCCESS,,Android
2026-01-02 11:27:58,1037.0,LOGIN,,FAILED,UNKNOWN,Web
2026-01-02 10:46:50,1004.0,LOGIN,,FAILED,UNKNOWN,iOS
2026-01-01 11:38:09,1093.0,LOGIN,,SUCCESS,192.168.1.53,iOS
2026-01-02 02:17:56,1072.0,TRANSFER,-22778,SUCCESS,UNKNOWN,Android
2026/01/01 16:45:28,1032.0,LOGIN,,FAILED,192.168.1.156,iOS
2026-01-01 16:29:07,1076.0,LOGIN,,SUCCESS,,Web
2026-01-02 11:01:53,1053.0,LOGIN,,SUCCESS,UNKNOWN,iOS
2026-01-01 16:21:26,1067.0,LOGIN,,FAILED,192.168.1.149,Android
2026-01-01 10:59:38,1099.0,TRANSFER,603625,FAILED,UNKNOWN,Android
2026-01-01 10:38:31,1002.0,LOGIN,,SUCCESS,192.168.1.201,iOS
2026-01-02 11:45:51,1099.0,TRANSFER,,SUCCESS,192.168.1.135,Web
2026-01-01 11:10:15,1037.0,LOGIN,,SUCCESS,UNKNOWN,Android
2026/01/02 11:14:06,1062.0,LOGIN,,FAILED,,iOS
2026-01-02 09:12:06,1008.0,LOGIN,,SUCCESS,,iOS
2026-01-02 10:43:25,1030.0,LOGIN,,FAILED,,iOS
2026-01-01 23:43:28,1019.0,LOGIN,,SUCCESS,192.168.1.160,iOS
2026-01-02 06:41:59,1019.0,LOGIN,,FAILED,UNKNOWN,Android
2026-01-02 05:19:59,1023.0,LOGIN,,FAILED,UNKNOWN,Web
2026-01-01 23:52:56,1066.0,TRANSFER,98963,SUCCESS,,Web
2026-01-02 07:47:47,1009.0,TRANSFER,,FAILED,UNKNOWN,Web
2026/01/01 15:41:54,1022.0,TRANSFER,,FAILED,192.168.1.252,Android
2026-01-01 23:12:31,1069.0,LOGIN,,FAILED,,iOS
2026-01-01 20:11:45,1092.0,LOGIN,,SUCCESS,UNKNOWN,Web
2026-01-02 01:14:32,1063.0,TRANSFER,457947,SUCCESS,UNKNOWN,Web
2026-01-01 09:05:22,1076.0,LOGIN,,FAILED,192.168.1.106,Android
2026-01-02 04:18:53,1063.0,LOGIN,,SUCCESS,192.168.1.27,Web
2026-01-01 21:05:56,1072.0,LOGIN,,FAILED,192.168.1.173,Android
2026-01-01 23:13:36,,LOGIN,,FAILED,192.168.1.204,iOS
2026/01/02 06:08:50,1030.0,LOGIN,,SUCCESS,192.168.1.19,iOS
2026-01-01 18:51:39,1080.0,TRANSFER,307895,SUCCESS,UNKNOWN,Web
2026-01-02 01:40:43,1092.0,TRANSFER,abc,FAILED,,Web
2026-01-01 17:58:15,1041.0,LOGIN,,SUCCESS,,iOS
2026-01-01 09:17:13,1039.0,TRANSFER,,FAILED,UNKNOWN,Android
2026-01-02 10:08:36,1072.0,LOGIN,,SUCCESS,192.168.1.99,Android
2026-01-01 16:11:44,,TRANSFER,,SUCCESS,,Android
2026-01-02 03:51:11,1087.0,LOGIN,,SUCCESS,,iOS
2026/01/01 16:13:46,1035.0,TRANSFER,,SUCCESS,192.168.1.81,iOS
2026-01-02 03:26:39,1043.0,TRANSFER,,SUCCESS,UNKNOWN,iOS
2026-01-01 10:48:56,1041.0,TRANSFER,,SUCCESS,192.168.1.206,iOS
2026-01-02 02:18:40,1028.0,LOGIN,,SUCCESS,192.168.1.163,Web
2026/01/02 04:29:00,1008.0,LOGIN,,FAILED,UNKNOWN,Android
2026/01/02 10:44:54,1047.0,LOGIN,,SUCCESS,UNKNOWN,Android
2026-01-02 03:45:06,1012.0,TRANSFER,320885,FAILED,,iOS
2026-01-01 15:39:31,1020.0,TRANSFER,abc,FAILED,,Web
2026-01-02 02:54:28,1067.0,LOGIN,,FAILED,192.168.1.16,Web
2026-01-01 18:12:19,1020.0,LOGIN,,SUCCESS,UNKNOWN,iOS
2026-01-01 20:38:55,1099.0,LOGIN,,FAILED,UNKNOWN,Web
2026-01-01 14:39:31,1036.0,TRANSFER,,FAILED,192.168.1.6,Android
2026-01-02 02:32:24,,LOGIN,,FAILED,192.168.1.49,Web
2026-01-01 16:06:54,1001.0,LOGIN,,SUCCESS,UNKNOWN,Android
2026-01-02 06:37:37,1027.0,LOGIN,,FAILED,,Web
2026-01-01 17:45:04,1099.0,TRANSFER,,SUCCESS,UNKNOWN,Web
2026/01/02 09:42:10,1095.0,LOGIN,,SUCCESS,UNKNOWN,iOS
2026-01-02 06:08:26,1075.0,TRANSFER,180884,FAILED,,Android
2026-01-01 17:31:19,1023.0,LOGIN,,SUCCESS,UNKNOWN,iOS
2026-01-01 15:57:44,1088.0,LOGIN,,SUCCESS,UNKNOWN,Web
2026-01-01 21:46:56,1048.0,LOGIN,,SUCCESS,192.168.1.111,iOS
2026-01-01 12:27:02,1033.0,LOGIN,,FAILED,UNKNOWN,Android
2026-01-02 01:06:34,1002.0,TRANSFER,,FAILED,,Web
2026-01-01 11:56:08,1041.0,TRANSFER,658762,FAILED,,Web
2026-01-01 22:59:16,1084.0,TRANSFER,abc,SUCCESS,192.168.1.180,iOS
2026-01-01 21:55:02,1039.0,LOGIN,,SUCCESS,192.168.1.28,Web
2026/01/02 07:22:34,1099.0,LOGIN,,FAILED,UNKNOWN,Web
2026-01-01 08:04:48,1058.0,TRANSFER,,FAILED,192.168.1.94,iOS
2026-01-01 19:08:25,1044.0,LOGIN,,SUCCESS,UNKNOWN,Web
2026-01-01 19:52:41,1059.0,TRANSFER,-45381,SUCCESS,192.168.1.6,iOS
2026-01-02 01:49:42,1099.0,TRANSFER,668139,FAILED,,Android
2026-01-01 17:16:18,1043.0,TRANSFER,568896,FAILED,,Android
2026/01/01 13:39:56,1022.0,LOGIN,,FAILED,,iOS
2026-01-01 23:50:05,1063.0,TRANSFER,459096,FAILED,UNKNOWN,iOS
2026-01-01 18:23:04,1058.0,TRANSFER,,FAILED,UNKNOWN,Android
2026-01-02 03:45:49,1068.0,TRANSFER,583124,FAILED,,Web
2026-01-02 00:13:03,1094.0,LOGIN,,FAILED,,iOS
2026-01-02 04:57:08,1100.0,LOGIN,,FAILED,UNKNOWN,Web
2026-01-02 03:00:36,1084.0,TRANSFER,,FAILED,192.168.1.112,iOS
2026-01-02 02:05:07,1069.0,TRANSFER,,FAILED,UNKNOWN,Android
2026-01-01 09:54:46,1053.0,TRANSFER,,FAILED,UNKNOWN,Android
2026-01-01 16:28:54,1086.0,LOGIN,,FAILED,UNKNOWN,iOS
2026-01-01 08:41:43,1011.0,TRANSFER,-92824,FAILED,,Web
2026/01/02 06:22:17,1094.0,LOGIN,,FAILED,,iOS
2026-01-01 22:29:15,1096.0,LOGIN,,FAILED,192.168.1.171,Android
2026/01/01 10:20:44,1023.0,TRANSFER,,SUCCESS,,Web
2026-01-01 18:11:04,1013.0,TRANSFER,922915,FAILED,,Web
2026-01-02 06:11:06,1066.0,LOGIN,,SUCCESS,192.168.1.24,iOS
2026-01-01 17:19:44,1086.0,TRANSFER,,FAILED,192.168.1.100,iOS
2026-01-01 18:57:26,1009.0,LOGIN,,FAILED,192.168.1.164,iOS
2026-01-01 14:18:38,1047.0,LOGIN,,FAILED,,Android
2026-01-01 15:48:20,1033.0,LOGIN,,FAILED,UNKNOWN,Android
2026-01-01 09:13:31,1012.0,LOGIN,,SUCCESS,UNKNOWN,Web
2026-01-01 10:11:18,1076.0,LOGIN,,FAILED,,Android
2026-01-01 18:20:29,1032.0,LOGIN,,FAILED,192.168.1.44,Android
2026-01-01 20:37:30,1064.0,TRANSFER,,SUCCESS,UNKNOWN,iOS
2026-01-01 16:33:30,1043.0,LOGIN,,FAILED,192.168.1.82,Web
2026-01-02 09:43:59,1099.0,LOGIN,,SUCCESS,,Android
2026-01-01 11:33:42,1036.0,LOGIN,,FAILED,192.168.1.13,Web
2026-01-02 04:43:58,1072.0,LOGIN,,FAILED,UNKNOWN,Web
2026-01-02 10:07:20,1018.0,TRANSFER,,FAILED,,Android
2026-01-02 00:59:18,1056.0,LOGIN,,FAILED,,Web
2026-01-01 20:15:27,1002.0,TRANSFER,762117,FAILED,UNKNOWN,iOS
2026/01/02 06:51:57,1089.0,LOGIN,,SUCCESS,192.168.1.70,iOS
2026-01-01 08:50:57,1041.0,LOGIN,,FAILED,,Android
2026-01-01 10:05:23,1092.0,LOGIN,,FAILED,UNKNOWN,Web
2026-01-01 22:54:36,1064.0,TRANSFER,,FAILED,UNKNOWN,Web
2026-01-01 09:49:15,1080.0,TRANSFER,,SUCCESS,,Android
2026-01-01 21:10:04,1011.0,LOGIN,,FAILED,UNKNOWN,iOS
2026-01-01 20:06:48,1069.0,LOGIN,,FAILED,192.168.1.19,iOS
2026-01-02 03:53:53,1094.0,LOGIN,,SUCCESS,,iOS
2026-01-01 13:39:14,1008.0,LOGIN,,FAILED,UNKNOWN,Web
2026-01-02 06:02:51,1071.0,TRANSFER,433975,FAILED,,Android
2026-01-01 13:27:23,1096.0,TRANSFER,428994,SUCCESS,UNKNOWN,Android
2026-01-02 09:01:03,1006.0,TRANSFER,870065,FAILED,UNKNOWN,Web
2026-01-02 02:45:00,1017.0,TRANSFER,,FAILED,,Web
2026-01-01 13:39:32,1010.0,TRANSFER,695918,FAILED,192.168.1.48,iOS
2026-01-01 13:15:00,1076.0,LOGIN,,FAILED,UNKNOWN,Android
2026-01-01 10:35:58,1049.0,TRANSFER,,SUCCESS,UNKNOWN,iOS
2026-01-01 13:21:01,1065.0,LOGIN,,FAILED,,Web
2026-01-02 10:08:41,1026.0,LOGIN,,FAILED,UNKNOWN,Web
2026-01-01 15:17:49,1055.0,TRANSFER,,FAILED,192.168.1.56,Android
2026-01-01 11:12:19,1093.0,TRANSFER,,SUCCESS,UNKNOWN,iOS
2026-01-01 14:01:11,1002.0,TRANSFER,661967,FAILED,UNKNOWN,iOS
2026-01-02 04:30:28,1077.0,LOGIN,,SUCCESS,,Android
2026-01-01 13:18:41,1095.0,TRANSFER,712651,SUCCESS,,Web
2026-01-01 22:15:36,1056.0,TRANSFER,,FAILED,192.168.1.184,Web
2026/01/01 15:54:46,1062.0,LOGIN,,FAILED,UNKNOWN,Android
2026-01-01 14:29:15,1038.0,LOGIN,,SUCCESS,,Android
2026-01-02 03:04:20,1062.0,LOGIN,,FAILED,192.168.1.163,Android
2026-01-02 09:01:17,1071.0,TRANSFER,607638,SUCCESS,,Web
2026/01/01 15:21:36,1057.0,TRANSFER,272536,FAILED,192.168.1.117,iOS
2026/01/01 19:46:41,1092.0,LOGIN,,FAILED,,Android
2026-01-01 11:31:55,1048.0,LOGIN,,SUCCESS,192.168.1.44,iOS
2026-01-02 08:06:36,1035.0,LOGIN,,FAILED,,Android
2026-01-02 08:36:10,1005.0,LOGIN,,FAILED,UNKNOWN,iOS
2026-01-01 08:58:20,1094.0,TRANSFER,,SUCCESS,,iOS
2026-01-02 05:54:05,1044.0,TRANSFER,537030,SUCCESS,192.168.1.70,iOS
2026-01-01 10:43:28,1002.0,LOGIN,,FAILED,,iOS
2026-01-02 00:26:21,1011.0,TRANSFER,,SUCCESS,UNKNOWN,Web
2026/01/01 17:47:34,1055.0,LOGIN,,SUCCESS,UNKNOWN,iOS
2026-01-01 22:00:02,1040.0,TRANSFER,798351,SUCCESS,192.168.1.193,iOS
2026-01-02 04:53:15,1009.0,TRANSFER,493745,SUCCESS,,Web
2026-01-01 23:58:03,1095.0,TRANSFER,,SUCCESS,UNKNOWN,iOS
2026-01-02 02:24:00,1047.0,TRANSFER,488948,SUCCESS,UNKNOWN,Web
2026-01-02 06:20:55,1040.0,TRANSFER,,FAILED,UNKNOWN,iOS
2026-01-01 21:54:15,1002.0,LOGIN,,SUCCESS,,Web
2026-01-02 11:10:44,1058.0,TRANSFER,457180,SUCCESS,UNKNOWN,Web
2026-01-01 23:35:28,1097.0,LOGIN,,SUCCESS,UNKNOWN,Android
2026-01-01 15:49:35,1071.0,TRANSFER,,FAILED,UNKNOWN,Web
2026-01-02 05:59:15,1100.0,LOGIN,,SUCCESS,,Web
2026/01/01 13:34:27,1022.0,TRANSFER,-57667,SUCCESS,,Web
2026-01-02 06:33:59,1063.0,TRANSFER,abc,FAILED,,Web
2026-01-02 09:37:57,1021.0,LOGIN,,FAILED,UNKNOWN,iOS
2026-01-01 16:42:26,1031.0,TRANSFER,,SUCCESS,UNKNOWN,Android
2026-01-02 00:12:57,1090.0,LOGIN,,FAILED,,Web
2026-01-01 16:50:06,1031.0,TRANSFER,,FAILED,UNKNOWN,Web
2026-01-01 15:08:02,1034.0,LOGIN,,SUCCESS,192.168.1.25,Android
2026-01-02 08:37:45,1012.0,LOGIN,,FAILED,192.168.1.173,iOS
2026-01-01 19:40:13,1054.0,LOGIN,,SUCCESS,192.168.1.195,Web
2026-01-01 11:14:29,1058.0,TRANSFER,944658,FAILED,UNKNOWN,iOS
2026-01-02 09:44:22,1057.0,LOGIN,,FAILED,192.168.1.190,Web
2026-01-01 22:42:56,1013.0,TRANSFER,,SUCCESS,192.168.1.217,Android
2026-01-02 04:28:16,1033.0,TRANSFER,161825,FAILED,,iOS
2026-01-01 10:01:01,,TRANSFER,751272,FAILED,192.168.1.204,Web
2026-01-02 09:29:24,1066.0,TRANSFER,306269,FAILED,UNKNOWN,Android
2026-01-02 07:48:57,1059.0,LOGIN,,FAILED,,Android
2026-01-01 12:30:50,1095.0,LOGIN,,FAILED,,Android
2026-01-01 11:08:33,1065.0,LOGIN,,SUCCESS,,Android
2026-01-01 17:08:02,1061.0,LOGIN,,FAILED,192.168.1.178,iOS
2026-01-01 20:24:08,1064.0,LOGIN,,FAILED,,Android
2026-01-01 20:39:26,,LOGIN,,FAILED,UNKNOWN,iOS
2026-01-02 04:25:11,1078.0,LOGIN,,SUCCESS,,iOS
2026-01-02 08:49:13,1079.0,TRANSFER,,SUCCESS,UNKNOWN,Android
2026-01-01 15:48:31,1001.0,LOGIN,,FAILED,,Web
2026-01-01 16:45:08,1070.0,LOGIN,,FAILED,192.168.1.248,Android
2026-01-01 13:24:30,1069.0,TRANSFER,716072,SUCCESS,192.168.1.193,Android
2026-01-01 10:36:45,1056.0,LOGIN,,SUCCESS,,iOS
2026-01-02 04:37:42,1060.0,LOGIN,,SUCCESS,192.168.1.207,Android
2026-01-02 10:08:00,1085.0,TRANSFER,-23063,FAILED,192.168.1.233,iOS
2026-01-01 18:26:51,1005.0,TRANSFER,,FAILED,192.168.1.72,Android
2026-01-01 23:29:51,1055.0,LOGIN,,FAILED,192.168.1.142,Android
2026/01/02 00:17:49,1068.0,LOGIN,,SUCCESS,192.168.1.77,Android
2026-01-02 06:12:35,1008.0,TRANSFER,648488,FAILED,192.168.1.189,Web
2026/01/01 19:37:13,1023.0,TRANSFER,-44455,FAILED,,iOS
2026-01-02 08:58:53,1020.0,LOGIN,,SUCCESS,192.168.1.172,Android
2026-01-02 07:51:56,1085.0,TRANSFER,383399,SUCCESS,192.168.1.213,Android
2026-01-01 20:56:39,1005.0,LOGIN,,FAILED,UNKNOWN,Web
2026-01-01 13:37:12,1045.0,TRANSFER,,FAILED,,Web
2026/01/01 20:47:22,,TRANSFER,674476,FAILED,UNKNOWN,iOS
2026-01-01 19:35:21,1076.0,TRANSFER,427438,SUCCESS,192.168.1.240,iOS
2026-01-02 02:13:03,1097.0,LOGIN,,FAILED,UNKNOWN,iOS
2026/01/02 01:53:35,1008.0,LOGIN,,FAILED,192.168.1.123,iOS
2026/01/01 20:46:49,1003.0,TRANSFER,212704,FAILED,192.168.1.108,Android
2026-01-01 22:48:59,1062.0,TRANSFER,abc,SUCCESS,192.168.1.170,Android
2026-01-02 01:42:58,1074.0,TRANSFER,,FAILED,,Web
2026-01-01 08:33:33,1059.0,TRANSFER,,FAILED,UNKNOWN,iOS
2026-01-02 00:48:22,1011.0,LOGIN,,FAILED,,Web
2026/01/01 22:38:22,1095.0,LOGIN,,SUCCESS,UNKNOWN,iOS
2026-01-02 07:54:49,1027.0,LOGIN,,SUCCESS,,iOS
2026-01-01 13:53:03,1055.0,TRANSFER,962330,FAILED,UNKNOWN,iOS
2026-01-02 03:25:19,1037.0,LOGIN,,SUCCESS,,Web
2026-01-02 00:56:22,1010.0,TRANSFER,,SUCCESS,,Web
2026-01-01 15:18:59,1032.0,TRANSFER,-58377,SUCCESS,192.168.1.166,Android
2026/01/01 10:34:20,1025.0,TRANSFER,,SUCCESS,UNKNOWN,iOS
2026-01-02 00:59:39,1017.0,LOGIN,,FAILED,192.168.1.11,Web
2026-01-01 19:52:32,1024.0,TRANSFER,772089,FAILED,192.168.1.130,Android
2026-01-02 02:05:35,1088.0,LOGIN,,FAILED,,Android
2026-01-02 06:37:40,1040.0,LOGIN,,FAILED,,iOS
2026-01-01 23:48:13,1075.0,TRANSFER,-35539,FAILED,,Web
2026-01-01 12:55:10,1079.0,LOGIN,,SUCCESS,,iOS
2026-01-01 08:25:18,1060.0,TRANSFER,492367,FAILED,,Android
2026-01-01 16:05:47,1031.0,TRANSFER,,FAILED,UNKNOWN,Web
2026-01-02 06:49:49,1025.0,TRANSFER,,SUCCESS,,Web
2026-01-02 06:27:01,1030.0,TRANSFER,628330,FAILED,,Android
2026-01-01 11:49:29,,LOGIN,,SUCCESS,,Web
2026-01-01 10:46:49,1093.0,LOGIN,,FAILED,192.168.1.90,Web
2026/01/01 22:36:21,1064.0,TRANSFER,35578,FAILED,,Android
2026/01/02 03:02:47,1099.0,TRANSFER,-44121,FAILED,UNKNOWN,Android
2026-01-02 05:46:35,1081.0,TRANSFER,,FAILED,UNKNOWN,iOS
2026-01-01 20:17:49,1096.0,LOGIN,,FAILED,UNKNOWN,iOS
2026-01-01 12:55:15,1093.0,TRANSFER,763465,SUCCESS,UNKNOWN,Web
2026-01-01 19:47:17,1021.0,TRANSFER,705887,FAILED,,iOS
2026/01/01 12:19:40,1020.0,TRANSFER,,SUCCESS,192.168.1.7,iOS
2026-01-01 17:20:55,1027.0,LOGIN,,SUCCESS,,iOS
2026-01-02 04:14:54,1075.0,TRANSFER,923271,SUCCESS,,Web
2026/01/01 08:20:56,1064.0,TRANSFER,,FAILED,192.168.1.54,iOS
2026-01-02 06:54:38,1081.0,TRANSFER,564449,SUCCESS,,iOS
2026-01-02 05:45:04,1053.0,TRANSFER,67608,FAILED,,iOS
2026-01-01 08:22:58,1060.0,TRANSFER,,FAILED,,Android
2026-01-01 17:01:20,1053.0,TRANSFER,575652,SUCCESS,,Web
2026-01-02 08:30:33,1045.0,LOGIN,,SUCCESS,UNKNOWN,Android
2026-01-02 04:23:57,1065.0,LOGIN,,SUCCESS,UNKNOWN,Android
2026-01-02 09:24:39,1042.0,TRANSFER,908614,FAILED,192.168.1.210,iOS
2026-01-01 14:24:49,1054.0,TRANSFER,,SUCCESS,,Android
2026-01-02 07:00:49,1081.0,LOGIN,,SUCCESS,192.168.1.109,iOS
2026-01-02 11:17:58,1001.0,LOGIN,,FAILED,UNKNOWN,iOS
2026-01-01 12:38:53,1095.0,TRANSFER,9003,SUCCESS,UNKNOWN,Android
2026-01-01 14:33:50,1089.0,LOGIN,,SUCCESS,UNKNOWN,iOS
2026-01-01 13:04:35,1026.0,TRANSFER,abc,SUCCESS,,iOS
2026-01-02 04:28:32,1029.0,TRANSFER,78425,FAILED,192.168.1.44,Android
2026-01-02 01:45:31,1070.0,LOGIN,,FAILED,,Web
2026-01-01 20:58:23,1048.0,TRANSFER,,SUCCESS,,iOS
2026-01-01 21:19:42,1057.0,TRANSFER,,SUCCESS,,Web
2026-01-02 01:43:59,1054.0,TRANSFER,,FAILED,,Web
2026-01-01 19:04:48,1044.0,LOGIN,,FAILED,192.168.1.12,iOS
2026/01/01 17:34:39,1075.0,LOGIN,,SUCCESS,,Web
2026-01-01 11:52:02,1094.0,LOGIN,,FAILED,,Web
2026-01-01 18:05:05,1092.0,TRANSFER,,FAILED,192.168.1.249,iOS
2026-01-02 11:04:44,1073.0,LOGIN,,FAILED,UNKNOWN,Web
2026-01-02 04:30:32,1078.0,LOGIN,,SUCCESS,192.168.1.127,Web
2026/01/01 11:10:49,1008.0,LOGIN,,SUCCESS,UNKNOWN,Android
2026-01-01 08:43:37,1098.0,LOGIN,,FAILED,,Android
2026-01-01 12:59:42,,TRANSFER,265162,SUCCESS,192.168.1.146,Web
2026-01-01 22:27:32,1065.0,LOGIN,,SUCCESS,,iOS
2026-01-02 01:58:25,1057.0,TRANSFER,,SUCCESS,192.168.1.97,Android
2026-01-02 03:28:43,1076.0,TRANSFER,,SUCCESS,,iOS
2026-01-02 08:58:46,1010.0,TRANSFER,,FAILED,UNKNOWN,iOS
2026-01-01 12:31:53,1005.0,TRANSFER,,SUCCESS,192.168.1.247,iOS
2026-01-02 08:36:10,1020.0,TRANSFER,708810,SUCCESS,192.168.1.31,iOS
2026-01-01 13:55:43,1001.0,TRANSFER,abc,SUCCESS,192.168.1.228,Android
2026-01-01 11:46:48,1066.0,LOGIN,,FAILED,192.168.1.95,iOS
2026-01-01 17:21:45,1056.0,LOGIN,,FAILED,192.168.1.11,iOS
2026-01-01 13:55:54,1086.0,TRANSFER,370570,SUCCESS,,Web
2026-01-01 09:23:44,1023.0,LOGIN,,SUCCESS,UNKNOWN,Web
2026-01-02 04:49:26,1049.0,LOGIN,,SUCCESS,192.168.1.100,iOS
2026-01-02 04:25:54,1071.0,LOGIN,,FAILED,,Android
2026-01-01 11:08:41,1081.0,LOGIN,,FAILED,192.168.1.133,iOS
2026-01-01 09:25:22,1008.0,LOGIN,,FAILED,192.168.1.162,iOS
2026/01/02 00:05:49,1084.0,LOGIN,,FAILED,192.168.1.81,iOS
2026-01-01 19:55:59,1066.0,TRANSFER,668096,FAILED,UNKNOWN,iOS
2026-01-01 13:48:24,1042.0,TRANSFER,748743,FAILED,,Android
2026/01/02 03:40:33,1011.0,LOGIN,,FAILED,,iOS
2026-01-02 02:24:19,1030.0,TRANSFER,778974,SUCCESS,192.168.1.120,Android
2026-01-02 07:37:32,,TRANSFER,429128,SUCCESS,UNKNOWN,iOS
2026-01-02 07:09:45,1061.0,LOGIN,,FAILED,,Web
2026-01-02 07:29:50,1048.0,TRANSFER,116974,FAILED,UNKNOWN,Android
2026/01/01 09:10:18,1025.0,LOGIN,,FAILED,,Web
2026-01-02 06:23:44,1021.0,LOGIN,,SUCCESS,UNKNOWN,Web
2026-01-02 00:09:31,1014.0,TRANSFER,696294,FAILED,192.168.1.204,Web
2026-01-02 10:19:10,1004.0,LOGIN,,SUCCESS,,iOS
2026-01-01 16:26:34,1042.0,LOGIN,,FAILED,UNKNOWN,Web
2026/01/01 10:54:22,1084.0,LOGIN,,SUCCESS,UNKNOWN,Web
2026-01-02 03:58:17,1035.0,LOGIN,,SUCCESS,UNKNOWN,iOS
2026-01-01 08:19:35,1054.0,LOGIN,,SUCCESS,192.168.1.172,Web
2026-01-02 01:10:34,1023.0,LOGIN,,SUCCESS,192.168.1.87,iOS
2026-01-01 22:51:18,1051.0,TRANSFER,335220,FAILED,,iOS
2026-01-02 01:44:49,1051.0,TRANSFER,446817,SUCCESS,,iOS
2026-01-01 11:32:33,1061.0,LOGIN,,FAILED,,Android
2026-01-02 08:05:32,1002.0,LOGIN,,SUCCESS,UNKNOWN,Web
2026-01-02 11:40:53,1061.0,LOGIN,,FAILED,,Web
2026-01-02 06:11:35,1013.0,LOGIN,,SUCCESS,192.168.1.204,iOS
2026-01-01 11:48:53,1025.0,LOGIN,,SUCCESS,,Web
2026-01-01 08:13:16,1051.0,TRANSFER,294372,SUCCESS,192.168.1.7,iOS
2026-01-01 09:49:21,1042.0,TRANSFER,626495,SUCCESS,192.168.1.60,Android
2026-01-02 10:31:23,1080.0,LOGIN,,FAILED,UNKNOWN,Web
2026-01-02 01:34:35,1027.0,TRANSFER,344616,SUCCESS,,Android
2026-01-02 10:14:34,1097.0,TRANSFER,,FAILED,192.168.1.221,Web
2026-01-01 10:39:59,1088.0,TRANSFER,,FAILED,,Web
2026-01-01 18:57:08,1022.0,LOGIN,,SUCCESS,UNKNOWN,Web
2026-01-01 14:21:54,1008.0,TRANSFER,,FAILED,,Android
2026-01-02 10:58:07,1053.0,TRANSFER,,FAILED,192.168.1.41,iOS
2026/01/02 02:53:23,1060.0,LOGIN,,FAILED,UNKNOWN,Android
2026-01-01 16:25:26,1035.0,LOGIN,,FAILED,UNKNOWN,iOS
2026-01-01 15:47:25,1099.0,LOGIN,,SUCCESS,,Web
2026/01/02 06:10:53,1093.0,TRANSFER,,FAILED,192.168.1.153,Android
2026-01-02 00:48:09,1077.0,TRANSFER,,SUCCESS,192.168.1.192,iOS
2026-01-01 12:14:38,1095.0,LOGIN,,FAILED,,Web
2026-01-01 21:38:02,1051.0,TRANSFER,,FAILED,,Android
2026-01-02 09:48:28,1006.0,TRANSFER,793836,FAILED,192.168.1.62,iOS
2026-01-01 17:01:34,1099.0,TRANSFER,901302,SUCCESS,,Android
2026-01-01 12:53:17,1022.0,TRANSFER,564678,SUCCESS,,iOS
2026-01-01 22:40:48,1007.0,LOGIN,,SUCCESS,UNKNOWN,iOS
2026-01-01 08:14:52,1025.0,LOGIN,,FAILED,,iOS
2026-01-01 16:45:12,1043.0,TRANSFER,-77639,FAILED,UNKNOWN,Android
2026-01-01 13:46:24,1095.0,TRANSFER,,FAILED,192.168.1.45,Android
2026-01-01 20:56:48,1042.0,TRANSFER,994386,SUCCESS,,Android
2026-01-01 14:39:56,1042.0,LOGIN,,FAILED,192.168.1.18,Android
2026-01-02 06:36:47,1043.0,LOGIN,,FAILED,192.168.1.116,Android
2026-01-01 23:25:57,1010.0,LOGIN,,SUCCESS,192.168.1.40,Android
2026-01-01 14:43:17,1045.0,TRANSFER,763335,SUCCESS,,Web
2026-01-01 23:00:53,1079.0,LOGIN,,FAILED,,Android
2026-01-02 06:59:39,1015.0,TRANSFER,834470,SUCCESS,UNKNOWN,iOS
2026/01/02 05:46:00,1064.0,TRANSFER,,FAILED,,Web
2026-01-01 19:05:46,1079.0,LOGIN,,SUCCESS,192.168.1.243,Web
2026-01-02 10:08:17,1056.0,LOGIN,,FAILED,UNKNOWN,Android
2026-01-02 08:49:05,1015.0,TRANSFER,144182,SUCCESS,192.168.1.14,iOS
2026-01-01 20:18:30,1090.0,LOGIN,,FAILED,,Android
2026-01-01 16:38:38,1064.0,TRANSFER,390026,SUCCESS,UNKNOWN,iOS
2026-01-01 17:35:53,1003.0,LOGIN,,FAILED,192.168.1.138,Android
2026-01-02 04:58:04,1022.0,LOGIN,,FAILED,192.168.1.86,iOS
2026-01-01 21:23:56,1046.0,TRANSFER,,FAILED,UNKNOWN,iOS
2026-01-02 06:07:57,,LOGIN,,SUCCESS,UNKNOWN,Android
2026-01-01 09:41:52,1006.0,TRANSFER,176769,SUCCESS,UNKNOWN,Web
2026-01-01 19:02:03,1022.0,TRANSFER,901927,FAILED,,Android
2026-01-01 19:06:24,1053.0,TRANSFER,,FAILED,192.168.1.65,iOS
2026-01-01 12:50:29,1003.0,TRANSFER,182829,SUCCESS,192.168.1.212,iOS
2026-01-02 11:14:03,1047.0,TRANSFER,568819,SUCCESS,192.168.1.31,Android
2026-01-01 08:36:19,1019.0,LOGIN,,SUCCESS,UNKNOWN,Android
2026-01-02 08:57:44,1022.0,LOGIN,,FAILED,192.168.1.40,iOS
2026-01-02 07:12:05,1060.0,LOGIN,,SUCCESS,UNKNOWN,iOS
2026-01-02 04:30:43,1053.0,LOGIN,,FAILED,,Web
2026-01-01 17:38:31,1040.0,LOGIN,,FAILED,,Web
2026-01-02 03:09:46,1016.0,LOGIN,,FAILED,192.168.1.241,iOS
2026-01-02 05:26:44,1055.0,TRANSFER,,FAILED,,iOS
2026-01-01 10:13:16,1007.0,LOGIN,,FAILED,192.168.1.214,Android
2026-01-02 00:32:43,1024.0,LOGIN,,SUCCESS,UNKNOWN,Android
2026-01-02 11:19:54,1080.0,LOGIN,,FAILED,,Android
2026/01/02 05:09:22,1011.0,TRANSFER,,SUCCESS,UNKNOWN,Android
2026-01-01 15:06:04,1033.0,TRANSFER,,SUCCESS,,iOS
2026-01-02 10:34:14,1090.0,LOGIN,,FAILED,,iOS
2026-01-02 02:51:06,1010.0,TRANSFER,,FAILED,192.168.1.118,Web
2026/01/02 03:07:35,1073.0,TRANSFER,,FAILED,UNKNOWN,Web
2026-01-01 10:57:30,1024.0,TRANSFER,202793,SUCCESS,192.168.1.104,Android
2026-01-01 19:22:54,1057.0,LOGIN,,SUCCESS,192.168.1.229,iOS
2026-01-02 10:12:31,1035.0,TRANSFER,,SUCCESS,UNKNOWN,Android
2026-01-02 02:08:04,1019.0,LOGIN,,FAILED,,Web
2026-01-01 20:09:33,1061.0,LOGIN,,FAILED,UNKNOWN,Web
2026-01-01 14:11:50,1029.0,LOGIN,,SUCCESS,UNKNOWN,Web
2026-01-02 10:14:03,1032.0,TRANSFER,,SUCCESS,UNKNOWN,Android
2026-01-02 11:34:53,1044.0,LOGIN,,SUCCESS,,Web
2026-01-02 06:20:31,1013.0,TRANSFER,,FAILED,,iOS
2026-01-01 11:59:35,1066.0,TRANSFER,,SUCCESS,,Android
2026/01/01 19:43:10,1013.0,TRANSFER,,SUCCESS,UNKNOWN,Android
2026-01-02 06:39:40,,TRANSFER,-38536,FAILED,192.168.1.136,iOS
2026-01-02 08:57:57,1081.0,TRANSFER,,SUCCESS,UNKNOWN,Android
2026-01-01 17:52:31,1025.0,TRANSFER,,FAILED,192.168.1.98,iOS
2026-01-01 18:56:35,1078.0,LOGIN,,SUCCESS,,Android
2026-01-01 15:42:37,1043.0,TRANSFER,,FAILED,UNKNOWN,iOS
2026-01-02 11:05:25,1051.0,LOGIN,,SUCCESS,UNKNOWN,Android
2026-01-01 14:48:28,1070.0,LOGIN,,SUCCESS,192.168.1.26,Web
2026-01-01 11:40:13,1040.0,TRANSFER,426474,FAILED,192.168.1.149,Web
2026-01-01 15:17:43,1084.0,TRANSFER,,FAILED,UNKNOWN,Web
2026-01-01 23:27:03,1051.0,LOGIN,,SUCCESS,,Web
2026-01-01 19:09:59,1023.0,LOGIN,,SUCCESS,192.168.1.211,iOS
2026-01-01 14:49:22,1004.0,LOGIN,,FAILED,,Web
2026-01-02 02:20:44,1089.0,TRANSFER,,FAILED,,Web
2026-01-02 00:01:33,1000.0,LOGIN,,SUCCESS,UNKNOWN,Android
2026-01-01 10:03:58,1031.0,LOGIN,,FAILED,,Web
2026-01-01 14:32:26,1094.0,LOGIN,,FAILED,UNKNOWN,Android
2026-01-01 15:30:50,,TRANSFER,abc,SUCCESS,,Web
2026-01-02 10:13:07,1076.0,TRANSFER,978843,FAILED,,iOS
2026-01-02 11:14:46,1076.0,TRANSFER,,FAILED,192.168.1.20,iOS
2026-01-02 01:17:47,1093.0,LOGIN,,SUCCESS,,iOS
2026-01-02 00:13:58,1054.0,LOGIN,,SUCCESS,,Android
2026-01-02 02:33:38,1011.0,TRANSFER,451850,SUCCESS,,Android
2026-01-01 14:36:47,1016.0,LOGIN,,SUCCESS,UNKNOWN,Android
2026/01/01 17:15:49,1027.0,LOGIN,,SUCCESS,,iOS
2026-01-02 06:22:14,,LOGIN,,FAILED,192.168.1.144,iOS
2026-01-01 08:18:01,1008.0,TRANSFER,957856,FAILED,192.168.1.240,Android
2026-01-01 19:52:08,1054.0,TRANSFER,299374,SUCCESS,,Web
2026-01-02 11:19:36,1061.0,TRANSFER,679102,FAILED,UNKNOWN,Web
2026-01-01 10:11:23,1022.0,TRANSFER,31556,SUCCESS,UNKNOWN,iOS
2026-01-01 16:04:57,1010.0,TRANSFER,191792,FAILED,,Web
2026-01-01 14:26:02,1041.0,LOGIN,,FAILED,UNKNOWN,iOS
2026-01-02 09:54:24,1064.0,LOGIN,,FAILED,192.168.1.150,iOS
2026-01-01 09:48:07,1091.0,TRANSFER,,SUCCESS,192.168.1.190,Web
2026-01-02 00:26:45,1069.0,LOGIN,,FAILED,192.168.1.17,Android
2026-01-02 07:13:44,1009.0,TRANSFER,772735,SUCCESS,UNKNOWN,iOS
2026-01-02 05:33:52,1082.0,TRANSFER,abc,SUCCESS,UNKNOWN,Android
2026-01-01 22:47:59,1013.0,LOGIN,,FAILED,,Web
2026-01-01 19:46:14,1041.0,TRANSFER,415700,FAILED,192.168.1.201,Android
2026-01-02 01:06:36,1052.0,LOGIN,,FAILED,192.168.1.202,Web
2026-01-02 06:55:53,1026.0,LOGIN,,SUCCESS,UNKNOWN,iOS
2026-01-01 15:50:06,1043.0,LOGIN,,FAILED,,iOS
2026-01-01 14:11:45,1020.0,TRANSFER,663657,SUCCESS,,Web
2026-01-01 10:00:57,1010.0,TRANSFER,,FAILED,UNKNOWN,Web
2026-01-01 10:01:13,1036.0,TRANSFER,-17458,FAILED,,Android
2026-01-01 15:03:52,1088.0,LOGIN,,SUCCESS,192.168.1.190,iOS
2026-01-01 16:24:55,1085.0,LOGIN,,FAILED,UNKNOWN,Web
2026-01-01 22:59:08,1008.0,TRANSFER,358433,SUCCESS,UNKNOWN,iOS
2026-01-01 22:29:28,1027.0,LOGIN,,SUCCESS,UNKNOWN,Web
2026-01-02 05:29:31,1091.0,TRANSFER,352027,FAILED,,Web
2026/01/01 22:49:31,1091.0,LOGIN,,FAILED,,iOS
2026-01-01 16:31:16,1060.0,LOGIN,,SUCCESS,192.168.1.154,iOS
2026-01-01 08:09:22,1060.0,LOGIN,,SUCCESS,,Web
2026/01/02 10:33:29,1078.0,TRANSFER,,FAILED,,iOS
2026-01-02 01:13:11,1028.0,LOGIN,,FAILED,192.168.1.151,Web
2026-01-01 20:39:31,1008.0,LOGIN,,SUCCESS,UNKNOWN,Android
2026-01-02 09:02:59,1015.0,LOGIN,,FAILED,UNKNOWN,iOS
2026-01-01 23:03:54,1089.0,TRANSFER,815110,SUCCESS,UNKNOWN,Web
2026/01/02 06:48:44,1044.0,LOGIN,,FAILED,,Web
2026-01-01 08:10:34,,TRANSFER,,FAILED,,Android
2026-01-01 18:48:36,1045.0,TRANSFER,,FAILED,UNKNOWN,Web
2026-01-01 09:51:03,1043.0,TRANSFER,280001,SUCCESS,UNKNOWN,Web
2026-01-01 12:59:59,1019.0,TRANSFER,471614,FAILED,,iOS
2026/01/01 22:14:48,1022.0,LOGIN,,SUCCESS,,Android
2026-01-02 10:59:09,1010.0,LOGIN,,SUCCESS,,iOS
2026/01/02 10:15:10,1017.0,LOGIN,,FAILED,192.168.1.14,Web
2026-01-01 16:46:02,1080.0,LOGIN,,SUCCESS,,Android
2026-01-02 06:48:52,1097.0,TRANSFER,,FAILED,UNKNOWN,Android
2026-01-02 00:13:50,1013.0,LOGIN,,FAILED,,iOS
2026-01-02 08:51:54,1099.0,TRANSFER,,SUCCESS,UNKNOWN,Web
2026-01-01 15:02:15,1021.0,TRANSFER,633680,SUCCESS,192.168.1.200,Web
2026-01-01 18:09:59,1099.0,LOGIN,,SUCCESS,,Android
2026-01-02 01:36:09,1089.0,LOGIN,,SUCCESS,,iOS
2026-01-02 02:29:55,1087.0,TRANSFER,,SUCCESS,192.168.1.64,Web
2026-01-01 08:41:35,1035.0,TRANSFER,131666,SUCCESS,192.168.1.104,Web
2026-01-01 22:43:06,,TRANSFER,,SUCCESS,,iOS
2026-01-01 09:18:59,1006.0,LOGIN,,SUCCESS,192.168.1.163,Web
2026-01-01 21:00:32,1062.0,TRANSFER,946663,FAILED,192.168.1.33,iOS
2026-01-02 01:28:55,1014.0,LOGIN,,SUCCESS,UNKNOWN,Web
2026-01-02 11:42:14,1013.0,LOGIN,,FAILED,UNKNOWN,Android
2026-01-01 17:23:27,1021.0,LOGIN,,FAILED,192.168.1.239,iOS
2026-01-02 05:41:21,1009.0,TRANSFER,,FAILED,,Android
2026-01-02 00:29:37,1009.0,LOGIN,,SUCCESS,192.168.1.23,Web
2026-01-02 07:17:41,1096.0,LOGIN,,FAILED,192.168.1.190,Web
2026-01-01 18:29:21,1009.0,TRANSFER,269473,SUCCESS,192.168.1.17,Android
2026-01-01 19:30:06,1084.0,TRANSFER,abc,FAILED,192.168.1.39,Android
2026-01-01 16:11:01,1085.0,LOGIN,,FAILED,192.168.1.29,Web
2026-01-01 23:42:16,1031.0,LOGIN,,SUCCESS,192.168.1.46,iOS
2026-01-01 15:13:04,1005.0,TRANSFER,450387,FAILED,192.168.1.186,iOS
2026/01/02 04:47:21,1039.0,LOGIN,,FAILED,192.168.1.70,Web
2026-01-02 08:06:18,1042.0,TRANSFER,-74507,FAILED,192.168.1.208,Android
2026-01-01 08:38:40,1098.0,TRANSFER,,SUCCESS,192.168.1.115,Android
2026-01-02 11:08:11,1072.0,LOGIN,,SUCCESS,192.168.1.80,iOS
2026-01-01 21:04:58,1034.0,TRANSFER,34682,SUCCESS,UNKNOWN,iOS
2026-01-02 06:15:25,1004.0,LOGIN,,SUCCESS,UNKNOWN,Android
2026-01-02 06:25:10,1085.0,TRANSFER,,FAILED,,Android
2026-01-01 16:52:44,1027.0,LOGIN,,SUCCESS,,Android
2026-01-02 06:02:21,1033.0,LOGIN,,SUCCESS,UNKNOWN,iOS
2026-01-01 09:41:16,1073.0,TRANSFER,,FAILED,,iOS
2026-01-02 05:24:14,1070.0,LOGIN,,FAILED,,Android
2026-01-02 00:55:49,1058.0,LOGIN,,FAILED,,Android
2026/01/01 13:23:07,1096.0,LOGIN,,FAILED,,iOS
2026-01-02 07:39:21,1093.0,LOGIN,,FAILED,192.168.1.198,Web
2026/01/02 04:41:26,1000.0,LOGIN,,SUCCESS,UNKNOWN,Web
2026-01-02 08:54:19,1021.0,TRANSFER,770166,SUCCESS,,iOS
2026-01-01 17:10:22,1023.0,TRANSFER,76162,SUCCESS,UNKNOWN,iOS
2026-01-01 20:23:51,1071.0,TRANSFER,,SUCCESS,,iOS
2026-01-01 19:00:36,1039.0,TRANSFER,abc,FAILED,192.168.1.182,Android
2026-01-02 01:49:29,1074.0,TRANSFER,,FAILED,192.168.1.30,iOS
2026-01-01 21:29:05,1023.0,TRANSFER,,FAILED,,Web
2026-01-01 12:04:00,1041.0,LOGIN,,SUCCESS,192.168.1.161,iOS
2026-01-01 11:24:41,1005.0,TRANSFER,,FAILED,,Web
2026-01-02 04:07:03,1074.0,TRANSFER,684310,FAILED,UNKNOWN,Android
2026-01-01 18:51:48,1018.0,LOGIN,,FAILED,,iOS
2026-01-02 04:24:28,1007.0,LOGIN,,SUCCESS,UNKNOWN,Web
2026-01-01 11:39:30,1037.0,TRANSFER,,SUCCESS,UNKNOWN,Android
2026-01-01 12:02:01,1086.0,TRANSFER,562675,FAILED,192.168.1.29,iOS
2026-01-01 17:01:43,1016.0,LOGIN,,SUCCESS,192.168.1.219,Web
2026-01-01 09:01:49,1053.0,LOGIN,,FAILED,UNKNOWN,Android
2026-01-02 01:31:04,1050.0,LOGIN,,FAILED,192.168.1.232,iOS
2026/01/01 15:31:50,1013.0,TRANSFER,943224,FAILED,192.168.1.81,Web
2026-01-02 03:48:24,1012.0,LOGIN,,SUCCESS,192.168.1.224,iOS
2026-01-02 08:26:21,1015.0,LOGIN,,SUCCESS,UNKNOWN,Web
2026-01-01 11:28:02,1010.0,LOGIN,,FAILED,192.168.1.156,Android
2026-01-02 10:13:02,1035.0,LOGIN,,FAILED,UNKNOWN,Android
2026-01-02 00:50:06,1010.0,LOGIN,,SUCCESS,UNKNOWN,Android
2026-01-02 08:18:37,1011.0,LOGIN,,FAILED,,Android
2026-01-02 06:04:28,1072.0,TRANSFER,-56537,FAILED,UNKNOWN,Web
2026-01-01 23:53:44,1023.0,LOGIN,,FAILED,,Web
2026/01/01 22:25:54,1005.0,TRANSFER,,FAILED,,Web
2026-01-02 07:06:28,1015.0,LOGIN,,SUCCESS,UNKNOWN,iOS
2026-01-02 07:13:57,,LOGIN,,FAILED,UNKNOWN,Web
2026-01-01 20:59:35,1019.0,TRANSFER,,SUCCESS,,Android
2026-01-02 09:15:43,1059.0,TRANSFER,,SUCCESS,192.168.1.3,Android
2026/01/01 15:07:46,1029.0,TRANSFER,abc,SUCCESS,192.168.1.3,Android
2026-01-01 17:35:36,1007.0,LOGIN,,FAILED,,Android
2026-01-01 10:34:27,1007.0,TRANSFER,,FAILED,UNKNOWN,iOS
2026-01-02 07:22:10,1074.0,TRANSFER,,FAILED,UNKNOWN,Android
2026-01-01 18:24:19,1070.0,TRANSFER,40454,SUCCESS,UNKNOWN,iOS
2026-01-02 04:11:57,1029.0,LOGIN,,SUCCESS,192.168.1.236,Web
2026-01-01 17:29:59,1042.0,LOGIN,,SUCCESS,192.168.1.240,Android
2026-01-01 14:26:46,1045.0,LOGIN,,FAILED,,Android
2026-01-02 09:25:08,1054.0,TRANSFER,,FAILED,UNKNOWN,Web
2026-01-01 15:42:56,1095.0,LOGIN,,SUCCESS,,Android
2026-01-01 19:24:49,1021.0,TRANSFER,636949,SUCCESS,UNKNOWN,Android
2026-01-02 01:46:34,1003.0,LOGIN,,SUCCESS,192.168.1.60,Web
2026-01-02 06:52:26,1038.0,LOGIN,,SUCCESS,,Web
2026-01-01 20:20:10,1015.0,TRANSFER,884185,SUCCESS,192.168.1.126,Android
2026-01-02 11:14:33,1095.0,LOGIN,,SUCCESS,192.168.1.99,Android
2026-01-01 16:36:22,1017.0,LOGIN,,SUCCESS,192.168.1.72,Web
2026/01/02 01:01:14,1090.0,LOGIN,,SUCCESS,UNKNOWN,Android
2026-01-01 10:13:14,1057.0,LOGIN,,FAILED,192.168.1.146,Android
2026-01-01 17:17:52,1059.0,LOGIN,,FAILED,UNKNOWN,Android
2026-01-02 02:15:43,1007.0,TRANSFER,703529,SUCCESS,UNKNOWN,iOS
2026-01-01 12:07:47,1073.0,TRANSFER,,FAILED,UNKNOWN,Android
2026-01-01 11:04:24,1039.0,LOGIN,,SUCCESS,192.168.1.64,Android
2026-01-02 06:14:57,1055.0,TRANSFER,734040,SUCCESS,UNKNOWN,Android
2026-01-02 08:01:51,1024.0,LOGIN,,FAILED,UNKNOWN,Android
2026-01-02 09:31:07,1005.0,TRANSFER,323521,SUCCESS,192.168.1.186,Web
2026-01-02 04:55:15,1028.0,LOGIN,,SUCCESS,UNKNOWN,iOS
2026-01-01 17:42:05,1095.0,TRANSFER,548788,SUCCESS,,iOS
2026-01-02 10:55:46,1098.0,LOGIN,,SUCCESS,,Web
2026-01-02 01:51:37,1021.0,TRANSFER,,SUCCESS,,iOS
2026-01-02 11:39:05,1073.0,LOGIN,,SUCCESS,192.168.1.11,iOS
2026-01-01 12:00:12,1067.0,TRANSFER,,SUCCESS,192.168.1.99,Web
2026-01-02 00:12:35,1049.0,TRANSFER,,SUCCESS,192.168.1.106,iOS
2026-01-01 15:06:14,1048.0,LOGIN,,FAILED,192.168.1.43,Android
2026-01-02 07:43:55,1001.0,TRANSFER,,FAILED,UNKNOWN,iOS
2026-01-02 10:48:54,1010.0,TRANSFER,253973,FAILED,,iOS
2026-01-02 06:50:05,1068.0,LOGIN,,FAILED,,Android
2026-01-01 14:03:44,,TRANSFER,401712,SUCCESS,,Web
2026-01-01 22:04:22,1100.0,TRANSFER,,SUCCESS,,Android
2026-01-01 21:19:39,1017.0,TRANSFER,478744,SUCCESS,UNKNOWN,Web
2026-01-01 16:40:09,1073.0,LOGIN,,SUCCESS,,Web
2026-01-01 12:24:40,1072.0,TRANSFER,68128,FAILED,UNKNOWN,Web
2026-01-01 18:41:52,1015.0,TRANSFER,,FAILED,,Web
2026/01/01 18:38:14,1059.0,LOGIN,,SUCCESS,192.168.1.209,iOS
2026-01-01 16:41:35,1082.0,TRANSFER,403267,FAILED,192.168.1.9,Web
2026-01-01 22:17:18,1052.0,TRANSFER,,FAILED,,iOS
2026-01-01 09:03:13,1015.0,TRANSFER,-53102,FAILED,,Android
2026-01-02 00:12:44,1009.0,LOGIN,,SUCCESS,,Android
2026-01-01 14:45:47,1035.0,LOGIN,,SUCCESS,,Web
2026/01/02 02:00:29,1037.0,LOGIN,,FAILED,192.168.1.101,iOS
2026-01-01 08:28:52,1073.0,LOGIN,,SUCCESS,,Web
2026-01-01 13:54:27,1005.0,TRANSFER,abc,FAILED,192.168.1.24,iOS
2026-01-02 02:23:00,,LOGIN,,SUCCESS,192.168.1.253,Android
2026/01/01 21:17:07,1048.0,TRANSFER,525531,FAILED,,Android
2026-01-02 01:50:42,1053.0,TRANSFER,,SUCCESS,192.168.1.157,iOS
2026-01-01 17:06:00,1003.0,LOGIN,,SUCCESS,,Web
2026-01-01 13:02:08,1088.0,TRANSFER,319795,FAILED,,Web
2026-01-02 07:39:02,,TRANSFER,,FAILED,,Android
2026-01-01 23:32:48,1079.0,LOGIN,,FAILED,,Android
2026-01-02 04:12:13,1082.0,LOGIN,,FAILED,UNKNOWN,iOS
2026-01-02 06:45:01,1088.0,TRANSFER,278490,FAILED,UNKNOWN,Android
2026-01-01 22:57:46,1096.0,TRANSFER,448822,SUCCESS,,Android
2026-01-01 12:22:14,1008.0,TRANSFER,,SUCCESS,,Web
2026-01-02 03:57:53,1076.0,LOGIN,,SUCCESS,UNKNOWN,iOS
2026-01-02 02:47:53,1036.0,TRANSFER,,FAILED,192.168.1.144,iOS
2026/01/01 17:51:48,1032.0,LOGIN,,SUCCESS,,Android
2026-01-01 17:10:46,1003.0,TRANSFER,814978,SUCCESS,,iOS
2026/01/02 08:36:28,1060.0,LOGIN,,SUCCESS,UNKNOWN,iOS
2026-01-01 14:32:12,1074.0,LOGIN,,SUCCESS,UNKNOWN,Android
2026-01-01 21:48:05,1041.0,TRANSFER,,SUCCESS,,Web
2026-01-01 21:51:51,1083.0,TRANSFER,,FAILED,192.168.1.222,iOS
2026/01/01 22:37:26,1070.0,LOGIN,,FAILED,192.168.1.97,Web
2026-01-02 00:12:33,1066.0,LOGIN,,FAILED,,Android
2026-01-01 10:14:08,1039.0,LOGIN,,SUCCESS,,Android
2026-01-01 13:27:13,1056.0,TRANSFER,,FAILED,UNKNOWN,Android
2026-01-01 12:57:14,1067.0,LOGIN,,FAILED,,Android
2026-01-02 09:24:23,1023.0,LOGIN,,FAILED,,Android
2026-01-01 20:46:56,1027.0,LOGIN,,SUCCESS,UNKNOWN,iOS
2026-01-01 11:45:32,,TRANSFER,abc,SUCCESS,,Web
2026-01-02 09:11:32,,TRANSFER,,SUCCESS,UNKNOWN,Android
2026-01-02 08:44:59,,LOGIN,,FAILED,UNKNOWN,Android
2026-01-01 13:09:31,1070.0,TRANSFER,99010,SUCCESS,192.168.1.175,iOS
2026/01/02 00:33:19,1010.0,TRANSFER,957186,FAILED,,iOS
2026-01-01 21:39:14,1069.0,LOGIN,,FAILED,192.168.1.240,iOS
2026-01-01 11:20:51,1067.0,LOGIN,,SUCCESS,192.168.1.12,Web
2026-01-01 11:15:46,1090.0,TRANSFER,,SUCCESS,UNKNOWN,Android
2026-01-01 20:56:10,1088.0,TRANSFER,557594,FAILED,,iOS
2026-01-02 09:25:28,1005.0,TRANSFER,490478,SUCCESS,192.168.1.169,iOS
2026-01-01 17:58:28,1065.0,TRANSFER,,FAILED,,Android
2026-01-01 11:08:12,1039.0,TRANSFER,15920,SUCCESS,192.168.1.178,iOS
2026-01-01 19:51:34,1098.0,LOGIN,,SUCCESS,,iOS
2026-01-01 08:23:19,1017.0,LOGIN,,SUCCESS,UNKNOWN,iOS
2026/01/01 17:49:02,1004.0,LOGIN,,SUCCESS,UNKNOWN,Android
2026-01-01 11:54:42,1075.0,TRANSFER,257692,SUCCESS,UNKNOWN,Web
2026-01-01 20:40:26,1031.0,TRANSFER,546262,FAILED,UNKNOWN,Web
2026-01-01 21:36:51,1091.0,LOGIN,,SUCCESS,UNKNOWN,Android
2026-01-01 14:54:56,1008.0,TRANSFER,477011,FAILED,192.168.1.253,Web
2026-01-01 10:16:15,1054.0,TRANSFER,116094,SUCCESS,,Web
2026-01-01 13:08:00,1040.0,LOGIN,,SUCCESS,192.168.1.11,Web
2026-01-01 23:35:39,1004.0,TRANSFER,134503,SUCCESS,,iOS
2026-01-01 16:26:51,1034.0,LOGIN,,FAILED,UNKNOWN,iOS
2026-01-01 20:48:34,1099.0,LOGIN,,SUCCESS,,iOS
2026-01-02 09:51:53,1052.0,LOGIN,,SUCCESS,192.168.1.9,Web
2026-01-01 23:53:26,1069.0,TRANSFER,679066,SUCCESS,192.168.1.83,Android
2026-01-02 02:56:54,1082.0,LOGIN,,FAILED,192.168.1.243,iOS
2026-01-02 00:45:25,1035.0,TRANSFER,870763,FAILED,,iOS
2026-01-02 11:07:02,1066.0,TRANSFER,abc,FAILED,192.168.1.36,Web
2026-01-01 21:55:06,1031.0,TRANSFER,805618,FAILED,UNKNOWN,iOS
2026-01-01 12:08:48,1066.0,LOGIN,,FAILED,UNKNOWN,Web
2026-01-01 19:48:54,1054.0,LOGIN,,FAILED,192.168.1.127,iOS
2026-01-02 01:11:14,1046.0,TRANSFER,-49896,FAILED,UNKNOWN,Android
2026-01-01 17:50:27,1016.0,LOGIN,,SUCCESS,192.168.1.213,Web
2026-01-02 01:17:20,1069.0,TRANSFER,965444,FAILED,UNKNOWN,iOS
2026-01-01 11:34:53,1091.0,TRANSFER,40870,SUCCESS,,Android
2026-01-01 16:56:08,1003.0,LOGIN,,FAILED,192.168.1.164,Android
2026-01-02 09:08:07,1052.0,TRANSFER,-38540,FAILED,192.168.1.152,Web
2026-01-01 12:03:18,1019.0,LOGIN,,FAILED,,iOS
2026-01-02 11:42:19,1052.0,LOGIN,,SUCCESS,UNKNOWN,Android
2026-01-01 14:48:36,1055.0,LOGIN,,SUCCESS,192.168.1.120,iOS
2026-01-01 22:45:39,1086.0,LOGIN,,FAILED,UNKNOWN,Android
2026-01-01 21:11:09,1052.0,LOGIN,,FAILED,192.168.1.68,Android
2026-01-01 08:27:28,1021.0,TRANSFER,,FAILED,,iOS
2026-01-01 18:09:10,1026.0,TRANSFER,,FAILED,,Web
2026-01-01 20:47:05,1031.0,LOGIN,,SUCCESS,192.168.1.83,Web
2026-01-01 11:05:28,1084.0,LOGIN,,SUCCESS,192.168.1.46,Android
2026-01-02 07:11:20,1029.0,LOGIN,,SUCCESS,192.168.1.217,iOS
2026-01-01 23:21:10,1003.0,TRANSFER,750143,FAILED,192.168.1.204,iOS
2026/01/01 08:37:10,1000.0,TRANSFER,544579,SUCCESS,,iOS
2026-01-01 08:24:25,1045.0,LOGIN,,SUCCESS,192.168.1.98,Android
2026-01-02 07:32:43,1039.0,LOGIN,,FAILED,192.168.1.135,iOS
2026-01-01 15:10:06,1015.0,TRANSFER,880639,FAILED,192.168.1.174,iOS
2026-01-02 03:09:48,1012.0,LOGIN,,FAILED,UNKNOWN,Android
2026-01-01 12:00:37,1002.0,LOGIN,,SUCCESS,,Android
2026-01-02 03:21:03,1045.0,LOGIN,,SUCCESS,,Android
2026-01-01 15:57:52,1029.0,LOGIN,,FAILED,UNKNOWN,iOS
2026-01-02 08:13:01,,TRANSFER,587087,FAILED,UNKNOWN,Web
2026-01-01 19:13:23,1075.0,TRANSFER,,SUCCESS,192.168.1.193,Android
2026-01-02 11:25:12,1071.0,LOGIN,,FAILED,UNKNOWN,Android
2026-01-02 03:21:49,1087.0,LOGIN,,SUCCESS,,Android
2026-01-02 08:07:35,1020.0,TRANSFER,927426,SUCCESS,UNKNOWN,iOS
2026-01-01 16:18:23,1046.0,LOGIN,,SUCCESS,,Android
2026-01-01 12:56:05,1090.0,TRANSFER,,FAILED,UNKNOWN,Web
2026-01-01 21:09:11,1066.0,LOGIN,,SUCCESS,,iOS
2026-01-02 02:58:32,1034.0,LOGIN,,FAILED,,Web
2026-01-01 13:50:53,1016.0,TRANSFER,,FAILED,192.168.1.227,iOS
2026-01-01 19:33:06,1059.0,LOGIN,,SUCCESS,192.168.1.236,iOS
2026-01-01 21:37:16,1027.0,TRANSFER,741696,SUCCESS,192.168.1.83,Android
2026-01-01 21:02:17,1003.0,TRANSFER,670822,SUCCESS,,Android
2026-01-02 08:51:47,1050.0,LOGIN,,FAILED,192.168.1.46,iOS
2026-01-02 06:12:08,1018.0,LOGIN,,FAILED,,iOS
2026-01-02 11:10:36,1063.0,TRANSFER,946258,FAILED,192.168.1.34,iOS
2026-01-01 23:35:19,1041.0,TRANSFER,,FAILED,192.168.1.110,Android
2026-01-01 12:53:55,1012.0,TRANSFER,,SUCCESS,UNKNOWN,Android
2026-01-02 09:26:22,1012.0,TRANSFER,,SUCCESS,,iOS
2026-01-01 11:43:08,1085.0,LOGIN,,SUCCESS,UNKNOWN,Android
2026-01-02 00:27:34,1001.0,TRANSFER,,SUCCESS,192.168.1.94,iOS
2026-01-01 16:13:14,1017.0,TRANSFER,809943,FAILED,,iOS
2026-01-01 09:00:49,1056.0,TRANSFER,146494,FAILED,,Web
2026-01-02 05:54:36,1047.0,TRANSFER,187001,SUCCESS,,iOS
2026-01-01 08:22:51,1026.0,TRANSFER,16442,SUCCESS,UNKNOWN,iOS
2026-01-02 07:50:27,1061.0,LOGIN,,SUCCESS,192.168.1.220,Web
2026-01-01 12:45:30,1039.0,LOGIN,,FAILED,UNKNOWN,Web
2026-01-02 00:33:39,1029.0,TRANSFER,,SUCCESS,192.168.1.161,Android
2026-01-01 14:14:21,1100.0,TRANSFER,869828,SUCCESS,192.168.1.196,Web
2026-01-01 16:29:23,1044.0,TRANSFER,-40830,SUCCESS,192.168.1.93,Android
2026/01/01 18:21:44,1048.0,LOGIN,,FAILED,UNKNOWN,Android
2026-01-01 14:00:25,1046.0,TRANSFER,590221,FAILED,UNKNOWN,Web
2026/01/02 07:37:34,1007.0,LOGIN,,FAILED,,Android
2026-01-01 14:07:02,1010.0,TRANSFER,,FAILED,,Web
2026-01-01 20:01:21,,TRANSFER,261677,FAILED,192.168.1.3,Android
2026-01-02 10:39:59,1024.0,TRANSFER,371988,SUCCESS,UNKNOWN,Android
2026-01-02 02:56:54,1098.0,TRANSFER,859499,SUCCESS,,Web
2026-01-02 10:48:01,1083.0,TRANSFER,605758,SUCCESS,,Web
2026-01-02 05:59:48,1054.0,TRANSFER,315024,FAILED,192.168.1.247,Web
2026-01-01 15:34:49,1047.0,LOGIN,,SUCCESS,,iOS
2026-01-01 19:47:07,1080.0,LOGIN,,FAILED,,iOS
2026-01-02 09:58:31,1083.0,TRANSFER,-77265,SUCCESS,192.168.1.132,iOS
2026-01-01 09:15:08,1036.0,TRANSFER,,FAILED,UNKNOWN,Android
2026/01/01 15:47:07,1056.0,LOGIN,,SUCCESS,192.168.1.95,iOS
2026-01-01 09:02:45,1075.0,LOGIN,,SUCCESS,UNKNOWN,Android
2026-01-02 05:35:41,1096.0,TRANSFER,177741,FAILED,,Android
2026-01-02 11:40:24,1077.0,TRANSFER,654045,FAILED,,iOS
2026-01-02 01:35:55,1048.0,LOGIN,,SUCCESS,,iOS
2026/01/01 15:21:00,1005.0,LOGIN,,FAILED,192.168.1.101,Web
